{
    "music.game": {
	    "category": "music",
	    "sounds": [
		    {
			    "name": "music/game/hal1",
			    "stream": true
		    },
		    {
			    "name": "music/game/hal3",
			    "stream": true
		    },
		    {
			    "name": "music/game/calm3",
			    "stream": true
		    },
		    {
			    "name": "music/game/piano3",
			    "stream": true
		    }
	    ]
    }
}
{
    "music.creative": {
	    "category": "music",
	    "sounds": [
		    {
			    "name": "music/game/creative6",
			    "stream": true
		    },
		    {
			    "name": "music/game/creative5",
			    "stream": true
		    },
		    {
			    "name": "music/game/hal1",
			    "stream": true
		    },
		    {
			    "name": "music/game/hal3",
			    "stream": true
		    },
		    {
			    "name": "music/game/calm3",
			    "stream": true
		    },
		    {
			    "name": "music/game/piano3",
			    "stream": true
		    },
		    {
			    "name": "music/game/creative4",
			    "stream": true
		    }
	    ]
    }
}
{
    "music.menu": {
	    "category": "music",
	    "sounds": [
		    {
			    "name": "music/game/creative4",
			    "stream": true
		    }
	    ]
    }
}